,type,simulations,p1,p2,Beta1,Beta2,est_Beta1_mean,est_Beta1_sd,est_Beta1_mean_SE,est_Beta2_mean,est_Beta2_sd,est_Beta2_mean_SE,cov_beta1,cov_beta2,fit_correct,fit_set
1,all data,500,-3,-3,0,0,-0.482470483,9.436853715,9.612353498,0.746235493,13.84957814,14.16320053,0.95,0.95,0,0.986
2,summerised,500,-3,-3,0,0,-0.482118903,9.433852011,9.611381234,0.744227541,13.84426105,14.1617261,0.95,0.95,0,0.988
3,all data,500,-3,-3,1,2,1.611565297,9.424721767,9.568265469,1.34196299,13.87504175,14.10148535,0.956,0.96,0,0.964
4,summerised,500,-3,-3,1,2,1.611760834,9.422038685,9.564732102,1.339630322,13.87090384,14.09628967,0.956,0.96,0,0.972
5,all data,500,-3,-3,2,1,1.17259454,10.1114829,9.588590686,1.991156872,14.67553356,14.12670995,0.944,0.942,0,0.962
6,summerised,500,-3,-3,2,1,1.170354803,10.11041656,9.589692201,1.993942847,14.67522815,14.12834359,0.944,0.942,0,0.97
7,all data,500,-3,-2,0,0,-0.179679723,12.30193732,13.0945682,0.162081787,6.681250734,7.100642239,0.972,0.97,0,0.958
8,summerised,500,-3,-2,0,0,-0.178563797,12.29863136,13.09141115,0.161364382,6.679460364,7.098922577,0.972,0.97,0,0.964
9,all data,500,-3,-2,1,2,1.33889725,12.75309941,13.10094296,1.761553305,6.89995935,7.103335314,0.96,0.956,0,0.962
10,summerised,500,-3,-2,1,2,1.340197639,12.75918014,13.1050113,1.76149532,6.903917588,7.105546947,0.96,0.956,0,0.966
11,all data,500,-3,-2,2,1,3.523407571,12.30816043,13.08364295,0.0962006,6.686970796,7.095561934,0.958,0.96,0,0.978
12,summerised,500,-3,-2,2,1,3.521106222,12.30462438,13.08489718,0.097604255,6.685533042,7.096242166,0.958,0.96,0,0.982
13,all data,500,-3,-1,0,0,-0.010032118,5.97357273,6.105581293,0.057629916,2.228230522,2.295674576,0.952,0.962,0,0.974
14,summerised,500,-3,-1,0,0,-0.009195572,5.976651127,6.105572844,0.057208818,2.228981632,2.295675419,0.952,0.962,0,0.98
15,all data,500,-3,-1,1,2,0.615430893,5.827621381,6.095488153,2.067917222,2.207768016,2.294294717,0.956,0.956,0,0.97
16,summerised,500,-3,-1,1,2,0.613027621,5.826427216,6.093426249,2.068277222,2.208392232,2.293517241,0.956,0.956,0,0.978
17,all data,500,-3,-1,2,1,1.773012735,6.419507659,6.087865379,1.02381306,2.33858916,2.291482041,0.948,0.946,0,0.99
18,summerised,500,-3,-1,2,1,1.770955479,6.421555976,6.08787694,1.024514865,2.339882526,2.291484098,0.948,0.946,0,0.99
19,all data,500,-3,-0.5,0,0,0.214783603,5.015164649,4.745783683,-0.08906327,2.153145374,2.05894805,0.944,0.936,0,0.978
20,summerised,500,-3,-0.5,0,0,0.213183604,5.014164837,4.744337552,-0.088521825,2.152034335,2.058318008,0.944,0.936,0,0.978
21,all data,500,-3,-0.5,1,2,0.831075249,4.901474142,4.701686321,2.05426969,2.135890176,2.040614407,0.938,0.942,0,0.972
22,summerised,500,-3,-0.5,1,2,0.829785282,4.89996226,4.701632972,2.054785967,2.135573566,2.040590913,0.938,0.942,0,0.984
23,all data,500,-3,-0.5,2,1,1.687747406,4.722149344,4.703742183,1.100616018,2.049119155,2.041209889,0.952,0.966,0,0.972
24,summerised,500,-3,-0.5,2,1,1.68845567,4.722402289,4.703859792,1.100348376,2.048785268,2.041257577,0.952,0.966,0,0.982
25,all data,500,-3,0,0,0,-0.253393135,3.977938836,3.830228899,-0.012557227,0.487916851,0.470599309,0.95,0.944,0,0.978
26,summerised,500,-3,0,0,0,-0.253888187,3.974217824,3.828710628,-0.012567466,0.48749215,0.470413547,0.95,0.944,0,0.988
27,all data,500,-3,0,1,2,0.899643687,3.72434479,3.845028307,1.968612815,0.466906213,0.472703214,0.952,0.944,0,0.954
28,summerised,500,-3,0,1,2,0.900142456,3.723533215,3.844489607,1.968467326,0.466999144,0.472637228,0.952,0.944,0,0.962
29,all data,500,-3,0,2,1,2.343909306,3.871950862,3.809390695,1.027312765,0.478373462,0.468674011,0.952,0.954,0,0.96
30,summerised,500,-3,0,2,1,2.34451338,3.872066719,3.809776714,1.02745542,0.478525504,0.468721191,0.952,0.956,0,0.97
31,all data,500,-3,0.5,0,0,-0.242951812,3.210541829,3.188237323,-0.001884824,0.431533186,0.435437449,0.948,0.958,0,0.984
32,summerised,500,-3,0.5,0,0,-0.243413259,3.210757835,3.188574127,-0.001898826,0.431371812,0.435483174,0.948,0.958,0,0.986
33,all data,500,-3,0.5,1,2,0.808426235,3.421632531,3.238797191,1.953916406,0.474362044,0.443168402,0.95,0.932,0,0.972
34,summerised,500,-3,0.5,1,2,0.808690371,3.423028084,3.239559191,1.954582397,0.474726874,0.443272569,0.95,0.932,0,0.98
35,all data,500,-3,0.5,2,1,1.854454455,3.126585167,3.195988885,0.983461577,0.427301719,0.436295693,0.95,0.952,0,0.976
36,summerised,500,-3,0.5,2,1,1.853796673,3.124290862,3.196334247,0.983627748,0.427083039,0.436340801,0.95,0.952,0,0.986
37,all data,500,-3,1,0,0,0.004392572,0.098912695,0.101118197,0.047493173,2.714923267,2.740283694,0.948,0.938,0,0.98
38,summerised,500,-3,1,0,0,0.004387616,0.098916511,0.101115123,0.047183238,2.714588321,2.74020752,0.948,0.938,0,0.986
39,all data,500,-3,1,1,2,1.997265997,0.116621697,0.115899712,0.80940648,3.014886003,3.02568116,0,0.936,0,0.95
40,summerised,500,-3,1,1,2,1.996879447,0.116096136,0.115871991,0.808951098,3.013548447,3.024946993,0,0.934,0,0.954
41,all data,500,-3,1,2,1,0.993766974,0.112531852,0.107914649,1.884515814,2.877366425,2.856738012,0,0.94,0,0.942
42,summerised,500,-3,1,2,1,0.993943663,0.11253051,0.107927953,1.8844117,2.877999097,2.857094629,0,0.94,0,0.95
43,all data,500,-3,2,0,0,0.169570605,2.326584786,2.19284897,0.00086729,0.010955586,0.010704855,0.95,0.94,0,0.982
44,summerised,500,-3,2,0,0,0.169203627,2.326424524,2.192413201,0.000868794,0.010953064,0.010702721,0.95,0.94,0,0.984
45,all data,500,-3,2,1,2,-0.359275555,4.519710971,3.971023177,2.023785313,0.028501486,0.025069429,0.898,0.794,0,0.956
46,summerised,500,-3,2,1,2,-0.356786757,4.519801974,3.971211551,2.023993561,0.028005623,0.025070831,0.898,0.794,0,0.956
47,all data,500,-3,2,2,1,1.401051965,3.210956478,2.97439152,1.012939176,0.019641568,0.018357203,0.92,0.856,0,0.948
48,summerised,500,-3,2,2,1,1.402519186,3.210736104,2.97422823,1.012942849,0.019521358,0.01835626,0.92,0.862,0,0.958
49,all data,500,-3,3,0,0,0.060499175,2.001947123,1.912120646,-1.57E-05,0.001382627,0.001426293,0.936,0.948,0,0.972
50,summerised,500,-3,3,0,0,0.060191899,2.001959607,1.911664421,-1.60E-05,0.001382786,0.001425944,0.936,0.948,0,0.984
51,all data,500,-3,3,1,2,-8.48791375,14.06221605,10.61865632,2.057141016,0.021655502,0.015918869,0.806,0.118,0,0.95
52,summerised,500,-3,3,1,2,-8.47676507,14.04870793,10.6145432,2.056457705,0.021008869,0.015912653,0.806,0.13,0,0.956
53,all data,500,-3,3,2,1,-2.315712477,7.533974904,5.760998695,1.028259852,0.010975382,0.008554949,0.834,0.166,0,0.938
54,summerised,500,-3,3,2,1,-2.309997625,7.531124133,5.763272101,1.028736565,0.011043819,0.008558366,0.834,0.162,0,0.952
55,all data,500,-2,-3,0,0,0.312858865,7.696597697,7.090244687,-0.400251003,14.11182582,13.07232251,0.928,0.93,0,0.978
56,summerised,500,-2,-3,0,0,0.311419339,7.691252851,7.089223967,-0.398217583,14.10324683,13.07043882,0.928,0.93,0,0.98
57,all data,500,-2,-3,1,2,1.230658362,7.108134732,7.101406398,1.649421585,13.06031319,13.09490834,0.956,0.956,0,0.968
58,summerised,500,-2,-3,1,2,1.230415755,7.106526106,7.101767256,1.650788231,13.05712072,13.09556527,0.956,0.956,0,0.98
59,all data,500,-2,-3,2,1,1.638435998,7.55230526,7.041728113,1.618316859,13.93399153,12.98396904,0.942,0.942,0,0.98
60,summerised,500,-2,-3,2,1,1.639696079,7.552644395,7.041987518,1.615435057,13.93296146,12.98444584,0.942,0.942,0,0.984
61,all data,500,-2,-2,0,0,-0.314847638,3.54155046,3.597260207,0.68003921,6.391030989,6.483049294,0.952,0.948,0.254,0.978
62,summerised,500,-2,-2,0,0,-0.31622393,3.540167069,3.597474888,0.681559912,6.387722671,6.483453836,0.952,0.948,0.276,0.982
63,all data,500,-2,-2,1,2,1.075446655,3.746560425,3.598066169,1.90754216,6.675664126,6.490271703,0.94,0.946,0.224,0.976
64,summerised,500,-2,-2,1,2,1.075934845,3.748382121,3.598993762,1.907496891,6.679788154,6.491963843,0.94,0.946,0.236,0.984
65,all data,500,-2,-2,2,1,2.020949348,3.737771525,3.59644101,0.625263247,6.716130274,6.48717955,0.94,0.948,0.216,0.972
66,summerised,500,-2,-2,2,1,2.021306481,3.738684822,3.595703309,0.623595029,6.717658668,6.485857862,0.94,0.948,0.232,0.974
67,all data,500,-2,-1,0,0,0.045410076,5.692059972,5.977850112,-0.043007714,3.938325865,4.145410467,0.962,0.962,0.02,0.978
68,summerised,500,-2,-1,0,0,0.045545527,5.693959348,5.977496519,-0.043263158,3.939745315,4.145163338,0.962,0.962,0.022,0.988
69,all data,500,-2,-1,1,2,1.1817635,5.822811232,6.004823847,1.847203563,3.99930669,4.16601518,0.972,0.968,0.008,0.978
70,summerised,500,-2,-1,1,2,1.181134558,5.821415784,6.003124962,1.847218796,3.998385637,4.164836826,0.972,0.968,0.008,0.988
71,all data,500,-2,-1,2,1,2.152691113,5.827488672,5.96538418,0.855000764,4.041848585,4.139249331,0.952,0.95,0.02,0.964
72,summerised,500,-2,-1,2,1,2.150901679,5.825111214,5.965048568,0.856114847,4.040933304,4.13902282,0.952,0.95,0.02,0.966
73,all data,500,-2,-0.5,0,0,-0.156652644,3.695798069,3.856391985,0.156452502,2.938477755,3.086397721,0.968,0.96,0.008,0.974
74,summerised,500,-2,-0.5,0,0,-0.157373977,3.692229528,3.855429644,0.156809234,2.935702836,3.085630928,0.968,0.96,0.008,0.976
75,all data,500,-2,-0.5,1,2,0.716176981,3.983674748,3.827988996,2.125472554,3.225518136,3.065491068,0.95,0.942,0.002,0.986
76,summerised,500,-2,-0.5,1,2,0.713492381,3.983201254,3.827693476,2.12737531,3.227382009,3.06525915,0.95,0.94,0.002,0.992
77,all data,500,-2,-0.5,2,1,2.178052707,3.875987168,3.858254932,0.834617131,3.029657466,3.087925124,0.952,0.958,0.01,0.976
78,summerised,500,-2,-0.5,2,1,2.176083077,3.873734018,3.858018319,0.835885062,3.028514818,3.087739039,0.952,0.958,0.012,0.98
79,all data,500,-2,0,0,0,0.160451226,2.739444648,2.798135355,0.025698493,0.614962157,0.634529122,0.966,0.96,0.006,0.988
80,summerised,500,-2,0,0,0,0.160091978,2.739642459,2.798130355,0.02563644,0.615077526,0.63452896,0.966,0.96,0.006,0.988
81,all data,500,-2,0,1,2,1.029111262,2.762188563,2.79555302,2.005117408,0.622102936,0.633614318,0.964,0.97,0.028,0.976
82,summerised,500,-2,0,1,2,1.028792704,2.762808433,2.79571418,2.005218332,0.62210516,0.633650901,0.964,0.968,0.03,0.976
83,all data,500,-2,0,2,1,2.027790276,2.854391845,2.78555206,1.01081826,0.633430367,0.631804934,0.948,0.942,0.012,0.97
84,summerised,500,-2,0,2,1,2.027697299,2.854155541,2.785023692,1.010759427,0.633506308,0.631686508,0.948,0.942,0.012,0.982
85,all data,500,-2,0.5,0,0,0.165799736,2.164458075,2.161183831,0.040165982,0.543105121,0.543692615,0.946,0.944,0.002,0.99
86,summerised,500,-2,0.5,0,0,0.16558662,2.165559417,2.161674588,0.040149006,0.543305032,0.543816565,0.946,0.944,0.002,0.994
87,all data,500,-2,0.5,1,2,0.857459576,2.172920092,2.189388968,1.958667606,0.560307356,0.552658825,0.962,0.942,0.02,0.966
88,summerised,500,-2,0.5,1,2,0.856729001,2.171831657,2.189303873,1.958511453,0.559419923,0.552637549,0.96,0.944,0.02,0.974
89,all data,500,-2,0.5,2,1,1.882701842,2.096334563,2.166403794,0.979507709,0.541162817,0.545796914,0.96,0.95,0.012,0.976
90,summerised,500,-2,0.5,2,1,1.882905747,2.097267027,2.166416372,0.979679871,0.541606474,0.545798351,0.958,0.948,0.012,0.982
91,all data,500,-2,1,0,0,-0.007109859,0.1202493,0.119927128,-0.11493664,1.768696449,1.762182008,0.948,0.95,0.018,0.978
92,summerised,500,-2,1,0,0,-0.007141317,0.120258164,0.119908648,-0.115524592,1.768756763,1.761904217,0.948,0.95,0.018,0.984
93,all data,500,-2,1,1,2,1.991871246,0.13890052,0.139266015,0.906185882,1.957828436,1.966892205,0,0.906,0.072,0.944
94,summerised,500,-2,1,1,2,1.991746616,0.138529385,0.139246628,0.906307343,1.957766922,1.966618008,0,0.906,0.074,0.948
95,all data,500,-2,1,2,1,0.995807007,0.127771527,0.130172296,1.909713617,1.809299866,1.869292839,0,0.924,0.05,0.964
96,summerised,500,-2,1,2,1,0.995801081,0.127894234,0.130161522,1.909572403,1.809048097,1.869124273,0,0.924,0.05,0.972
97,all data,500,-2,2,0,0,0.022629676,1.356148324,1.305003691,0.000237975,0.012208253,0.011770843,0.934,0.936,0.008,0.994
98,summerised,500,-2,2,0,0,0.022571864,1.355114188,1.304655393,0.000236986,0.012208452,0.01176769,0.934,0.936,0.008,0.994
99,all data,500,-2,2,1,2,0.49526496,2.795557721,2.496331269,2.025767471,0.032033743,0.029440791,0.922,0.834,0.284,0.944
100,summerised,500,-2,2,1,2,0.496432184,2.795454712,2.496514589,2.02604316,0.031403862,0.029443104,0.922,0.824,0.294,0.944
101,all data,500,-2,2,2,1,1.525955,1.880042597,1.856362479,1.011521905,0.021474433,0.021191059,0.948,0.914,0.194,0.956
102,summerised,500,-2,2,2,1,1.52573166,1.879535819,1.856199809,1.011483102,0.020989289,0.02118918,0.948,0.912,0.204,0.958
103,all data,500,-2,3,0,0,0.091520003,1.08631589,1.08563915,3.86E-05,0.001408059,0.001490325,0.958,0.958,0.01,0.988
104,summerised,500,-2,3,0,0,0.091230338,1.085908362,1.085699513,3.86E-05,0.001407626,0.001490415,0.958,0.958,0.086,0.992
105,all data,500,-2,3,1,2,-5.003577398,8.583280178,6.579966383,2.05404852,0.024896173,0.018338677,0.792,0.242,0.312,0.94
106,summerised,500,-2,3,1,2,-4.998584615,8.577197608,6.577937211,2.053509007,0.02424739,0.018332947,0.792,0.236,0.432,0.96
107,all data,500,-2,3,2,1,-1.232721114,4.32298278,3.547147103,1.026734651,0.012745414,0.00978245,0.822,0.256,0.33,0.966
108,summerised,500,-2,3,2,1,-1.23093254,4.320557707,3.545566143,1.026323147,0.012274268,0.009778078,0.822,0.274,0.426,0.98
109,all data,500,-1,-3,0,0,0.032677091,2.270009316,2.279811115,-0.088655731,6.119705051,6.0595396,0.942,0.942,0,0.974
110,summerised,500,-1,-3,0,0,0.032781678,2.270145917,2.279844434,-0.089240524,6.120479042,6.059613444,0.942,0.942,0,0.984
111,all data,500,-1,-3,1,2,1.128735735,2.302899182,2.291576282,1.558223274,6.268484702,6.091584715,0.948,0.942,0,0.986
112,summerised,500,-1,-3,1,2,1.128986837,2.300891119,2.290779186,1.556018327,6.263280196,6.089467626,0.948,0.942,0,0.988
113,all data,500,-1,-3,2,1,1.925419872,2.22911037,2.28946751,0.915010883,5.927163027,6.089233909,0.956,0.96,0,0.978
114,summerised,500,-1,-3,2,1,1.924670184,2.228290299,2.289039523,0.915728108,5.92580643,6.088085269,0.956,0.96,0,0.984
115,all data,500,-1,-2,0,0,-0.023661755,4.207325424,4.133382999,0.043367068,6.025941963,5.959512301,0.944,0.942,0.032,0.98
116,summerised,500,-1,-2,0,0,-0.023073994,4.211263855,4.134809012,0.042486332,6.031409971,5.961567177,0.944,0.942,0.036,0.984
117,all data,500,-1,-2,1,2,0.80883828,4.109839597,4.151737723,2.157048104,5.91653778,5.985168634,0.942,0.954,0.026,0.978
118,summerised,500,-1,-2,1,2,0.808081531,4.108820333,4.150948284,2.157195802,5.915503537,5.984027991,0.942,0.954,0.028,0.984
119,all data,500,-1,-2,2,1,2.205373023,4.150190037,4.156588046,0.633134935,6.099532131,5.98977348,0.958,0.954,0.022,0.98
120,summerised,500,-1,-2,2,1,2.207695783,4.153294783,4.157505003,0.630891532,6.102906749,5.991096776,0.956,0.954,0.022,0.982
121,all data,500,-1,-1,0,0,0.031521833,0.721532183,0.717417487,-0.346092097,3.876716068,3.771424688,0.948,0.948,0.018,0.982
122,summerised,500,-1,-1,0,0,0.031306706,0.721013246,0.716953649,-0.345239809,3.873291995,3.769010576,0.948,0.948,0.022,0.984
123,all data,500,-1,-1,1,2,1.021614504,0.748495105,0.717684824,2.137597427,4.084146297,3.772652547,0.934,0.932,0.016,0.984
124,summerised,500,-1,-1,1,2,1.021507165,0.747958859,0.717610395,2.137836046,4.081354414,3.772281094,0.934,0.932,0.022,0.99
125,all data,500,-1,-1,2,1,1.997325584,0.762818613,0.719579565,0.889907286,3.860585171,3.782097658,0.94,0.946,0.016,0.97
126,summerised,500,-1,-1,2,1,1.996498446,0.762165687,0.71931989,0.890037025,3.859981211,3.780752458,0.942,0.946,0.018,0.974
127,all data,500,-1,-0.5,0,0,0.321987701,7.312748699,7.207738255,-0.369407707,8.440732048,8.315761186,0.952,0.954,0.012,0.974
128,summerised,500,-1,-0.5,0,0,0.321952155,7.314023771,7.207177848,-0.369525376,8.44187127,8.315112064,0.952,0.954,0.016,0.984
129,all data,500,-1,-0.5,1,2,1.101985166,7.396630052,7.26254348,1.837150497,8.521695981,8.379135183,0.952,0.942,0.006,0.978
130,summerised,500,-1,-0.5,1,2,1.101841186,7.394200826,7.260399342,1.836370412,8.518501481,8.376665803,0.952,0.944,0.008,0.986
131,all data,500,-1,-0.5,2,1,1.866150198,7.100842375,7.234606205,1.092717142,8.207887322,8.348281196,0.956,0.96,0,0.982
132,summerised,500,-1,-0.5,2,1,1.865922883,7.097855178,7.234214324,1.092855161,8.204688245,8.347836718,0.956,0.96,0,0.986
133,all data,500,-1,0,0,0,-0.176396784,3.534524309,3.462912343,-0.061421119,1.141778962,1.132300593,0.958,0.962,0,0.984
134,summerised,500,-1,0,0,0,-0.17535816,3.531573687,3.462184499,-0.060977362,1.140998114,1.132062639,0.958,0.962,0,0.99
135,all data,500,-1,0,1,2,1.104148206,3.448528806,3.487629308,2.032948456,1.121783352,1.140686731,0.952,0.946,0.002,0.97
136,summerised,500,-1,0,1,2,1.103594025,3.444582165,3.485010196,2.031643668,1.120721145,1.139831531,0.952,0.946,0.002,0.976
137,all data,500,-1,0,2,1,1.818471521,3.790671694,3.48203328,0.94689922,1.219653605,1.138706104,0.918,0.918,0,0.986
138,summerised,500,-1,0,2,1,1.81744087,3.790433496,3.480349879,0.946459672,1.219554296,1.138157349,0.918,0.918,0,0.996
139,all data,500,-1,0.5,0,0,0.10909792,2.254969687,2.221197001,0.027358543,0.792244134,0.806126619,0.95,0.948,0,0.986
140,summerised,500,-1,0.5,0,0,0.109950994,2.254290997,2.22085374,0.027582205,0.791940456,0.80600206,0.95,0.948,0,0.996
141,all data,500,-1,0.5,1,2,1.009602182,2.342603986,2.26751385,1.989534979,0.844960718,0.824120859,0.948,0.948,0.004,0.962
142,summerised,500,-1,0.5,1,2,1.009221164,2.341767304,2.266843908,1.989099004,0.844640001,0.823877914,0.948,0.946,0.004,0.964
143,all data,500,-1,0.5,2,1,1.921412206,2.280249245,2.224586071,0.996352236,0.820699674,0.807908893,0.946,0.952,0.002,0.976
144,summerised,500,-1,0.5,2,1,1.920900064,2.280049883,2.224585159,0.996141974,0.820393322,0.807910215,0.946,0.952,0.002,0.98
145,all data,500,-1,1,0,0,0.006184707,0.156038894,0.158617837,0.059643637,1.610472513,1.617597325,0.95,0.95,0.002,0.984
146,summerised,500,-1,1,0,0,0.006185092,0.156147081,0.158652132,0.059489852,1.61150096,1.617950152,0.95,0.95,0.002,0.992
147,all data,500,-1,1,1,2,1.998006449,0.187031185,0.192581227,0.925354526,1.840929536,1.888910624,0,0.91,0.004,0.96
148,summerised,500,-1,1,1,2,1.997788212,0.186885626,0.19255118,0.925197037,1.840931698,1.888612285,0,0.91,0.004,0.962
149,all data,500,-1,1,2,1,1.014657761,0.167327668,0.174248806,2.159448911,1.677342559,1.73866761,0,0.902,0.012,0.958
150,summerised,500,-1,1,2,1,1.014882286,0.16717089,0.174281647,2.159782476,1.676742078,1.738995065,0,0.902,0.012,0.966
151,all data,500,-1,2,0,0,0.049572595,1.043490692,1.053329264,-0.000218994,0.013670271,0.013688571,0.954,0.958,0.002,0.982
152,summerised,500,-1,2,0,0,0.049418882,1.04358292,1.052695911,-0.000219224,0.013667696,0.013680325,0.954,0.958,0.002,0.99
153,all data,500,-1,2,1,2,0.305527439,2.384926972,2.202396718,2.019482095,0.040350834,0.037438371,0.924,0.866,0.014,0.946
154,summerised,500,-1,2,1,2,0.306578449,2.385137961,2.202851104,2.020003683,0.040264057,0.037446144,0.922,0.874,0.014,0.946
155,all data,500,-1,2,2,1,1.572703756,1.636469324,1.627451879,1.009201131,0.026846093,0.026621027,0.934,0.93,0.02,0.974
156,summerised,500,-1,2,2,1,1.572597092,1.636128331,1.62741804,1.009218074,0.026463059,0.02662058,0.934,0.946,0.02,0.974
157,all data,500,-1,3,0,0,-0.062304036,0.84418175,0.819283914,-0.000129958,0.001651989,0.001622753,0.952,0.946,0.002,0.994
158,summerised,500,-1,3,0,0,-0.062273085,0.843660478,0.818881859,-0.000129676,0.001651179,0.00162195,0.952,0.946,0.016,0.996
159,all data,500,-1,3,1,2,-4.538442538,6.909246202,5.5376334,2.04825182,0.028745133,0.021978997,0.794,0.39,0.012,0.948
160,summerised,500,-1,3,1,2,-4.536819708,6.905889495,5.537847128,2.048403633,0.027996608,0.021979868,0.794,0.384,0.014,0.96
161,all data,500,-1,3,2,1,-0.585953145,3.562558242,2.983574044,1.025130106,0.014794228,0.011701087,0.832,0.42,0.014,0.946
162,summerised,500,-1,3,2,1,-0.584385117,3.563679204,2.983447459,1.025109324,0.014552608,0.011700575,0.832,0.414,0.022,0.974
163,all data,500,-0.5,-3,0,0,-0.061002041,1.993908034,2.055512695,0.142293432,4.656815093,4.737737866,0.962,0.96,0,0.978
164,summerised,500,-0.5,-3,0,0,-0.060683336,1.9932235,2.055333772,0.141323178,4.655938327,4.737322279,0.962,0.96,0,0.984
165,all data,500,-0.5,-3,1,2,0.990202386,2.006027459,2.039141616,1.960293974,4.508077914,4.698246115,0.938,0.962,0,0.982
166,summerised,500,-0.5,-3,1,2,0.990092941,2.005087015,2.039176491,1.960370577,4.505694903,4.698332159,0.938,0.962,0,0.984
167,all data,500,-0.5,-3,2,1,1.976286513,2.062924168,2.039341337,0.990359182,4.900725435,4.702372056,0.942,0.934,0,0.982
168,summerised,500,-0.5,-3,2,1,1.976832507,2.062882884,2.039351341,0.988907714,4.899821505,4.702389949,0.942,0.934,0,0.984
169,all data,500,-0.5,-2,0,0,-0.090766243,3.05957941,3.086532688,0.190671101,3.863221411,3.855960307,0.962,0.958,0.002,0.984
170,summerised,500,-0.5,-2,0,0,-0.091134171,3.059455345,3.085843816,0.190889735,3.862675673,3.855096227,0.962,0.958,0.002,0.994
171,all data,500,-0.5,-2,1,2,1.004513127,3.12914002,3.079323244,1.920202122,3.935546756,3.845174409,0.938,0.934,0.004,0.978
172,summerised,500,-0.5,-2,1,2,1.004362019,3.127698617,3.078901307,1.920151528,3.933878073,3.844645031,0.938,0.934,0.004,0.98
173,all data,500,-0.5,-2,2,1,1.990008571,3.09804177,3.083687814,0.943547996,3.990161845,3.850912438,0.942,0.936,0.008,0.978
174,summerised,500,-0.5,-2,2,1,1.989600376,3.095178741,3.082759554,0.942985667,3.986681663,3.849754334,0.942,0.936,0.008,0.978
175,all data,500,-0.5,-1,0,0,0.549931324,8.041100995,8.302742731,-0.466943976,7.021654621,7.197692449,0.954,0.954,0.014,0.98
176,summerised,500,-0.5,-1,0,0,0.551160853,8.038424318,8.300635192,-0.468050999,7.019259238,7.195865205,0.954,0.954,0.014,0.994
177,all data,500,-0.5,-1,1,2,1.515578184,8.974575219,8.37962989,1.539105445,7.792621566,7.26271433,0.944,0.94,0.008,0.988
178,summerised,500,-0.5,-1,1,2,1.516162681,8.97625224,8.379969456,1.538690198,7.79398859,7.263005502,0.944,0.94,0.008,0.992
179,all data,500,-0.5,-1,2,1,1.72415218,8.772330513,8.391872755,1.176349352,7.638091006,7.272558034,0.934,0.94,0.006,0.97
180,summerised,500,-0.5,-1,2,1,1.728591122,8.77189635,8.390329118,1.172011975,7.63645066,7.271214286,0.934,0.94,0.008,0.982
181,all data,500,-0.5,-0.5,0,0,0.026115709,3.823191793,3.571209082,0.043820866,4.203755844,3.953846551,0.922,0.916,0.024,0.982
182,summerised,500,-0.5,-0.5,0,0,0.025474055,3.822100686,3.571067723,0.043316295,4.201906124,3.953695392,0.922,0.916,0.028,0.988
183,all data,500,-0.5,-0.5,1,2,0.890404659,3.626776142,3.599153218,1.821708774,3.988999398,3.986552383,0.958,0.952,0.022,0.964
184,summerised,500,-0.5,-0.5,1,2,0.891359,3.626623563,3.599100217,1.822527003,3.988146266,3.986484962,0.958,0.956,0.022,0.97
185,all data,500,-0.5,-0.5,2,1,2.037445694,3.649379824,3.591917201,1.01590878,4.086791681,3.978535618,0.958,0.944,0.018,0.986
186,summerised,500,-0.5,-0.5,2,1,2.039427583,3.650360576,3.592381232,1.017898669,4.087247093,3.979042078,0.958,0.944,0.022,0.99
187,all data,500,-0.5,0,0,0,-0.413838364,7.512198846,7.554092275,-0.094180784,2.130879468,2.140982704,0.97,0.962,0.02,0.99
188,summerised,500,-0.5,0,0,0,-0.413297712,7.51327633,7.553026291,-0.094068592,2.131250446,2.140681893,0.97,0.962,0.024,0.992
189,all data,500,-0.5,0,1,2,1.026244539,7.891870125,7.676811103,1.998684304,2.216249579,2.175963699,0.934,0.934,0,0.966
190,summerised,500,-0.5,0,1,2,1.025431259,7.889615478,7.676688035,1.99853113,2.21551812,2.175928355,0.934,0.932,0,0.968
191,all data,500,-0.5,0,2,1,1.796317261,7.677598222,7.586576482,0.932935327,2.16636768,2.149885878,0.952,0.95,0.012,0.988
192,summerised,500,-0.5,0,2,1,1.796934962,7.678307436,7.584685783,0.933077427,2.166556756,2.149350557,0.952,0.95,0.016,0.992
193,all data,500,-0.5,0.5,0,0,-0.161751017,3.720357426,3.617266036,-0.066097303,1.159343517,1.137566388,0.942,0.95,0,0.988
194,summerised,500,-0.5,0.5,0,0,-0.160859384,3.721306204,3.61645433,-0.065787032,1.159798597,1.137310821,0.942,0.95,0,0.988
195,all data,500,-0.5,0.5,1,2,0.757942248,3.72436377,3.698287644,1.909252301,1.17283421,1.164779847,0.946,0.944,0,0.968
196,summerised,500,-0.5,0.5,1,2,0.757898445,3.726048298,3.698764576,1.909519572,1.173373207,1.164929378,0.946,0.944,0,0.97
197,all data,500,-0.5,0.5,2,1,1.795537892,3.637673414,3.645697212,0.938820951,1.122910818,1.146361195,0.958,0.96,0,0.982
198,summerised,500,-0.5,0.5,2,1,1.794882295,3.638667799,3.646559205,0.938744831,1.122892134,1.146632022,0.958,0.96,0,0.992
199,all data,500,-0.5,1,0,0,0.006489576,0.190389326,0.200531223,0.148926796,2.273993249,2.360064885,0.954,0.962,0,0.986
200,summerised,500,-0.5,1,0,0,0.006480927,0.190362219,0.20052116,0.148606625,2.273520804,2.359945937,0.954,0.962,0,0.994
201,all data,500,-0.5,1,1,2,2.00230489,0.248998012,0.24539948,0.992321876,2.833102767,2.784495553,0.024,0.932,0.004,0.97
202,summerised,500,-0.5,1,1,2,2.002500053,0.249613452,0.24540095,0.993473813,2.833640509,2.784513882,0.026,0.932,0.004,0.972
203,all data,500,-0.5,1,2,1,1.010172599,0.230217216,0.219602276,2.087885996,2.641177715,2.534494349,0.016,0.92,0.006,0.964
204,summerised,500,-0.5,1,2,1,1.010628427,0.230331786,0.219675824,2.089014309,2.640596133,2.535334157,0.016,0.92,0.006,0.97
205,all data,500,-0.5,2,0,0,0.028083172,1.432659218,1.369319385,0.000370597,0.016021812,0.015429485,0.93,0.944,0,0.978
206,summerised,500,-0.5,2,0,0,0.028034708,1.431699884,1.369035823,0.000373324,0.01600971,0.01542631,0.93,0.944,0,0.984
207,all data,500,-0.5,2,1,2,0.093889571,3.314008899,2.997357103,2.016982456,0.048197589,0.043701836,0.916,0.914,0.014,0.972
208,summerised,500,-0.5,2,1,2,0.09571312,3.313291703,2.997922931,2.017466523,0.048476446,0.04371024,0.914,0.904,0.014,0.972
209,all data,500,-0.5,2,2,1,1.459751543,2.325073047,2.215514545,1.008362064,0.033151518,0.031086527,0.93,0.924,0.018,0.962
210,summerised,500,-0.5,2,2,1,1.460266094,2.325211457,2.215167601,1.008275434,0.033203799,0.031081653,0.928,0.926,0.018,0.964
211,all data,500,-0.5,3,0,0,-0.007104539,1.033160834,1.009591747,-5.43E-06,0.001732588,0.001734458,0.956,0.952,0,0.99
212,summerised,500,-0.5,3,0,0,-0.007261226,1.033053958,1.009694249,-5.72E-06,0.00173274,0.001734623,0.956,0.952,0.008,0.994
213,all data,500,-0.5,3,1,2,-6.996984692,9.952974052,7.349127389,2.043262319,0.034242272,0.024868268,0.736,0.536,0.012,0.946
214,summerised,500,-0.5,3,1,2,-6.987507884,9.94779398,7.347092321,2.042834849,0.034766027,0.024861351,0.736,0.55,0.014,0.966
215,all data,500,-0.5,3,2,1,-1.356008456,4.978035489,3.930495642,1.023941237,0.01669232,0.013105417,0.812,0.548,0.014,0.948
216,summerised,500,-0.5,3,2,1,-1.353696998,4.975604677,3.929716935,1.023790503,0.016667609,0.013102871,0.812,0.554,0.016,0.964
217,all data,500,0,-3,0,0,0.000274922,0.460929839,0.4700858,-0.031279455,3.778308326,3.826406469,0.966,0.954,0,0.978
218,summerised,500,0,-3,0,0,0.000409874,0.460896995,0.469917045,-0.030800026,3.778067067,3.825023142,0.966,0.954,0,0.984
219,all data,500,0,-3,1,2,0.994167523,0.472135559,0.471887593,2.058248357,3.784706539,3.83631879,0.956,0.944,0,0.98
220,summerised,500,0,-3,1,2,0.994414943,0.472057368,0.472009015,2.058776474,3.784869734,3.837295229,0.954,0.944,0,0.986
221,all data,500,0,-3,2,1,1.999640321,0.481757907,0.472064175,1.149401888,3.873299134,3.840052811,0.942,0.934,0,0.972
222,summerised,500,0,-3,2,1,1.998932823,0.481700006,0.471826688,1.149222342,3.869349337,3.838125828,0.942,0.934,0,0.976
223,all data,500,0,-2,0,0,0.031211152,0.618469503,0.632822926,0.083755365,2.71925119,2.789267509,0.964,0.962,0.006,0.984
224,summerised,500,0,-2,0,0,0.031023791,0.618029124,0.632646038,0.083009025,2.717424218,2.788486329,0.964,0.962,0.008,0.988
225,all data,500,0,-2,1,2,1.031846904,0.67383871,0.632396542,2.126099791,2.881321029,2.786796079,0.934,0.932,0.008,0.974
226,summerised,500,0,-2,1,2,1.032104336,0.673782227,0.632568511,2.126596593,2.881125019,2.787558949,0.934,0.934,0.008,0.982
227,all data,500,0,-2,2,1,1.970600445,0.651465451,0.636559817,1.035021243,2.751386697,2.806544859,0.95,0.96,0.012,0.98
228,summerised,500,0,-2,2,1,1.970287132,0.651430685,0.636417624,1.034960381,2.750824372,2.805918394,0.95,0.96,0.012,0.98
229,all data,500,0,-1,0,0,-0.036370837,1.15266209,1.131916129,-0.079550912,3.563459014,3.462532912,0.948,0.944,0,0.984
230,summerised,500,0,-1,0,0,-0.036437854,1.152898141,1.131920127,-0.079921829,3.564407065,3.462545444,0.948,0.944,0,0.99
231,all data,500,0,-1,1,2,0.926169981,1.189076932,1.137521016,1.757055796,3.600136363,3.478491426,0.954,0.956,0.002,0.976
232,summerised,500,0,-1,1,2,0.926103678,1.18904965,1.137552846,1.756582161,3.599872658,3.478587208,0.954,0.956,0.002,0.982
233,all data,500,0,-1,2,1,2.001842083,1.151808882,1.143197572,1.06235601,3.515538235,3.495054032,0.946,0.95,0.002,0.966
234,summerised,500,0,-1,2,1,2.000887243,1.150567685,1.142772818,1.061161297,3.513479365,3.493749071,0.944,0.95,0.002,0.972
235,all data,500,0,-0.5,0,0,0.092702363,2.178928719,2.146704659,0.375388782,7.716614252,7.573673144,0.946,0.95,0.004,0.98
236,summerised,500,0,-0.5,0,0,0.092802555,2.179208146,2.146785036,0.375430088,7.717451407,7.573952451,0.946,0.95,0.006,0.99
237,all data,500,0,-0.5,1,2,1.036803897,2.096215941,2.144174026,2.109336034,7.459280418,7.565427106,0.966,0.954,0.01,0.986
238,summerised,500,0,-0.5,1,2,1.036454066,2.094760734,2.143789845,2.108233117,7.454229643,7.564067612,0.966,0.954,0.01,0.986
239,all data,500,0,-0.5,2,1,2.0250491,2.164869924,2.160161087,1.200491834,7.597074271,7.619577925,0.954,0.956,0,0.976
240,summerised,500,0,-0.5,2,1,2.025514654,2.164821904,2.160589481,1.200480867,7.59718962,7.621082481,0.956,0.954,0,0.982
241,all data,500,0,0,0,0,-0.046351819,1.213706903,1.198606313,0.018369553,0.508091996,0.51056635,0.946,0.954,0.02,0.984
242,summerised,500,0,0,0,0,-0.046071189,1.213496881,1.19862044,0.018264457,0.507997599,0.510572452,0.946,0.954,0.02,0.994
243,all data,500,0,0,1,2,0.985954654,1.321471543,1.335880175,1.995673184,0.569300568,0.576038372,0.95,0.948,0.012,0.948
244,summerised,500,0,0,1,2,0.98521691,1.319907809,1.33518797,1.994901313,0.569181602,0.575740354,0.95,0.948,0.012,0.948
245,all data,500,0,0,2,1,1.920178874,1.371880674,1.284531128,1.01751001,0.58749369,0.551296538,0.934,0.936,0.008,0.952
246,summerised,500,0,0,2,1,1.918989419,1.370756343,1.283845171,1.017201788,0.58746228,0.551002888,0.934,0.934,0.008,0.952
247,all data,500,0,0.5,0,0,-0.181388183,1.960681951,1.947480875,0.174715828,2.173360971,2.161043952,0.942,0.948,0.02,0.986
248,summerised,500,0,0.5,0,0,-0.180504351,1.9594803,1.947267823,0.173759691,2.172021672,2.160809463,0.942,0.948,0.024,0.996
249,all data,500,0,0.5,1,2,0.81140301,1.870930015,2.021349926,2.179717679,2.06512638,2.248392036,0.962,0.964,0.004,0.958
250,summerised,500,0,0.5,1,2,0.811066547,1.870248586,2.02167814,2.180763156,2.065246654,2.248757919,0.962,0.964,0.004,0.964
251,all data,500,0,0.5,2,1,1.784336256,1.957025528,2.034284319,1.20329107,2.169455024,2.261235769,0.952,0.952,0.004,0.964
252,summerised,500,0,0.5,2,1,1.783987223,1.957023403,2.034129789,1.203496645,2.169863384,2.26106432,0.952,0.952,0.004,0.964
253,all data,500,0,1,0,0,0.002396563,0.285993742,0.280953496,-0.005513525,0.95111159,0.936961433,0.932,0.936,0,0.99
254,summerised,500,0,1,0,0,0.002339926,0.285866084,0.280867571,-0.005234583,0.950824467,0.936675263,0.932,0.936,0,0.992
255,all data,500,0,1,1,2,1.995726423,0.358239275,0.363062207,0.991495613,1.154735136,1.173816816,0.204,0.872,0.012,0.944
256,summerised,500,0,1,1,2,1.995056853,0.357991359,0.362916577,0.991054339,1.153786474,1.173346308,0.206,0.872,0.012,0.944
