"","type","simulations","p1","p2","Beta1","Beta2","est_Beta1_mean","est_Beta1_sd","est_Beta1_mean_SE","est_Beta2_mean","est_Beta2_sd","est_Beta2_mean_SE","cov_beta1","cov_beta2","fit_correct","fit_set"
"1","all data","500","-3","-3","0","0","-0.4824704830975","9.43685371506292","9.6123534983104","0.746235492723218","13.8495781356404","14.1632005297207","0.95","0.95","0","0.986"
"2","summerised","500","-3","-3","0","0","-0.482118903265002","9.43385201078839","9.6113812340222","0.744227541062695","13.8442610509537","14.1617260954919","0.95","0.95","0","0.988"
"3","all data","500","-3","-3","1","2","1.61156529716064","9.42472176667847","9.56826546872257","1.34196298960331","13.8750417451136","14.1014853519766","0.956","0.96","0","0.964"
"4","summerised","500","-3","-3","1","2","1.61176083378323","9.42203868504547","9.56473210191173","1.33963032212524","13.8709038367498","14.0962896720724","0.956","0.96","0","0.972"
"5","all data","500","-3","-3","2","1","1.17259454026075","10.111482899177","9.58859068597268","1.99115687205653","14.6755335638402","14.1267099548257","0.944","0.942","0","0.962"
"6","summerised","500","-3","-3","2","1","1.17035480256939","10.1104165598096","9.58969220079293","1.99394284653242","14.6752281528424","14.1283435940554","0.944","0.942","0","0.97"
"7","all data","500","-3","-2","0","0","-0.179679722765013","12.3019373205168","13.094568195182","0.162081786766952","6.68125073438459","7.10064223921877","0.972","0.97","0","0.958"
"8","summerised","500","-3","-2","0","0","-0.178563797040345","12.2986313626056","13.0914111539367","0.161364382137778","6.67946036413554","7.09892257739952","0.972","0.97","0","0.964"
"9","all data","500","-3","-2","1","2","1.33889724981068","12.7530994126472","13.1009429639943","1.76155330519337","6.89995935044071","7.10333531449899","0.96","0.956","0","0.962"
"10","summerised","500","-3","-2","1","2","1.34019763904263","12.7591801407872","13.1050112960386","1.76149532008045","6.90391758831578","7.10554694659362","0.96","0.956","0","0.966"
"11","all data","500","-3","-2","2","1","3.52340757111972","12.3081604328306","13.0836429523614","0.0962006003188659","6.68697079591904","7.09556193373395","0.958","0.96","0","0.978"
"12","summerised","500","-3","-2","2","1","3.5211062220922","12.3046243833573","13.0848971788445","0.0976042546368278","6.68553304217729","7.09624216600483","0.958","0.96","0","0.982"
"13","all data","500","-3","-1","0","0","-0.0100321178865298","5.9735727303878","6.10558129268075","0.0576299161066651","2.2282305220377","2.29567457564737","0.952","0.962","0","0.974"
"14","summerised","500","-3","-1","0","0","-0.00919557157573957","5.97665112749914","6.10557284404889","0.0572088182160161","2.22898163186146","2.295675418668","0.952","0.962","0","0.98"
"15","all data","500","-3","-1","1","2","0.615430892757033","5.82762138057678","6.09548815275052","2.06791722178309","2.20776801601218","2.29429471715075","0.956","0.956","0","0.97"
"16","summerised","500","-3","-1","1","2","0.613027620965373","5.82642721567099","6.09342624883065","2.06827722240804","2.20839223164085","2.29351724147122","0.956","0.956","0","0.978"
"17","all data","500","-3","-1","2","1","1.77301273500829","6.41950765919217","6.0878653792902","1.02381305985047","2.33858915991714","2.29148204062775","0.948","0.946","0","0.99"
"18","summerised","500","-3","-1","2","1","1.77095547913248","6.42155597633076","6.0878769398501","1.02451486535659","2.33988252621222","2.29148409815852","0.948","0.946","0","0.99"
"19","all data","500","-3","-0.5","0","0","0.214783603068037","5.01516464883498","4.74578368252461","-0.0890632701034872","2.15314537380201","2.05894804956135","0.944","0.936","0","0.978"
"20","summerised","500","-3","-0.5","0","0","0.213183603953819","5.01416483710258","4.74433755222146","-0.0885218245563314","2.15203433488503","2.05831800819988","0.944","0.936","0","0.978"
"21","all data","500","-3","-0.5","1","2","0.831075248716317","4.90147414218806","4.70168632103807","2.05426968988592","2.1358901759201","2.04061440692747","0.938","0.942","0","0.972"
"22","summerised","500","-3","-0.5","1","2","0.829785281710394","4.89996225957375","4.70163297214615","2.05478596724419","2.13557356613245","2.04059091302809","0.938","0.942","0","0.984"
"23","all data","500","-3","-0.5","2","1","1.6877474061012","4.72214934354213","4.70374218259217","1.10061601754224","2.04911915457122","2.04120988887531","0.952","0.966","0","0.972"
"24","summerised","500","-3","-0.5","2","1","1.68845567012258","4.72240228947373","4.70385979156628","1.10034837637725","2.04878526799083","2.04125757744811","0.952","0.966","0","0.982"
"25","all data","500","-3","0","0","0","-0.253393135473686","3.97793883636768","3.83022889880221","-0.0125572272754963","0.487916850780219","0.470599309463547","0.95","0.944","0","0.978"
"26","summerised","500","-3","0","0","0","-0.253888186753785","3.97421782356836","3.82871062766639","-0.0125674657035218","0.487492150186571","0.470413547012142","0.95","0.944","0","0.988"
"27","all data","500","-3","0","1","2","0.899643686948073","3.72434479013399","3.84502830683988","1.96861281475521","0.46690621258208","0.472703213878039","0.952","0.944","0","0.954"
"28","summerised","500","-3","0","1","2","0.900142455892109","3.72353321462372","3.84448960747295","1.96846732599532","0.466999143551394","0.472637228317358","0.952","0.944","0","0.962"
"29","all data","500","-3","0","2","1","2.34390930578229","3.87195086184708","3.80939069455653","1.02731276532865","0.478373462410093","0.468674010610095","0.952","0.954","0","0.96"
"30","summerised","500","-3","0","2","1","2.34451337987057","3.87206671928708","3.80977671417991","1.02745542048604","0.478525503964408","0.468721191323597","0.952","0.956","0","0.97"
"31","all data","500","-3","0.5","0","0","-0.242951811506392","3.21054182887603","3.18823732324629","-0.00188482434099393","0.431533185955722","0.435437448882553","0.948","0.958","0","0.984"
"32","summerised","500","-3","0.5","0","0","-0.243413259078894","3.21075783490707","3.18857412687495","-0.00189882637288772","0.431371812484324","0.435483174053704","0.948","0.958","0","0.986"
"33","all data","500","-3","0.5","1","2","0.808426235308179","3.42163253052762","3.23879719072955","1.95391640598238","0.474362044190412","0.443168401935645","0.95","0.932","0","0.972"
"34","summerised","500","-3","0.5","1","2","0.808690371117873","3.42302808424733","3.23955919111223","1.95458239710863","0.47472687419092","0.443272569307443","0.95","0.932","0","0.98"
"35","all data","500","-3","0.5","2","1","1.85445445460634","3.12658516725412","3.1959888847697","0.983461577456314","0.427301718795817","0.436295693183322","0.95","0.952","0","0.976"
"36","summerised","500","-3","0.5","2","1","1.85379667283072","3.1242908622949","3.1963342471878","0.983627747688064","0.427083038537376","0.436340800541832","0.95","0.952","0","0.986"
"37","all data","500","-3","1","0","0","0.00439257172600318","0.0989126952152645","0.101118196871647","0.0474931729214919","2.71492326708306","2.74028369358382","0.948","0.938","0","0.98"
"38","summerised","500","-3","1","0","0","0.00438761647539192","0.0989165112433193","0.101115123142001","0.0471832380671461","2.7145883207129","2.74020752045387","0.948","0.938","0","0.986"
"39","all data","500","-3","1","1","2","1.99726599749441","0.116621697318978","0.115899711861412","0.809406479695685","3.01488600283972","3.02568116040341","0","0.936","0","0.95"
"40","summerised","500","-3","1","1","2","1.99687944659798","0.116096135888334","0.115871991330118","0.808951098226658","3.01354844747637","3.02494699297787","0","0.934","0","0.954"
"41","all data","500","-3","1","2","1","0.993766973792158","0.11253185209637","0.107914648547101","1.8845158137572","2.87736642472939","2.85673801188273","0","0.94","0","0.942"
"42","summerised","500","-3","1","2","1","0.993943662907671","0.112530509752202","0.107927953414883","1.88441169969869","2.8779990965895","2.85709462860243","0","0.94","0","0.95"
"43","all data","500","-3","2","0","0","0.169570605098067","2.32658478607323","2.19284897006168","0.000867289996362334","0.0109555856463567","0.0107048554844682","0.95","0.94","0","0.982"
"44","summerised","500","-3","2","0","0","0.169203627000189","2.32642452400033","2.19241320130301","0.000868793990209178","0.0109530635074256","0.0107027206425082","0.95","0.94","0","0.984"
"45","all data","500","-3","2","1","2","-0.359275555263052","4.51971097061208","3.97102317736322","2.02378531349011","0.0285014860662088","0.0250694286277318","0.898","0.794","0","0.956"
"46","summerised","500","-3","2","1","2","-0.356786757148906","4.51980197356856","3.97121155056181","2.02399356058304","0.0280056228893301","0.0250708314341579","0.898","0.794","0","0.956"
"47","all data","500","-3","2","2","1","1.40105196487808","3.21095647845996","2.97439151957057","1.01293917607693","0.0196415675990096","0.0183572034747067","0.92","0.856","0","0.948"
"48","summerised","500","-3","2","2","1","1.402519185815","3.21073610371347","2.9742282295978","1.01294284947718","0.0195213575065118","0.0183562604802422","0.92","0.862","0","0.958"
"49","all data","500","-3","3","0","0","0.060499175076505","2.00194712299652","1.91212064581906","-1.56996282602501e-05","0.00138262748508873","0.00142629346785368","0.936","0.948","0","0.972"
"50","summerised","500","-3","3","0","0","0.060191899098692","2.00195960676881","1.91166442078029","-1.59793304288143e-05","0.00138278633774376","0.00142594376808629","0.936","0.948","0","0.984"
"51","all data","500","-3","3","1","2","-8.48791374992053","14.0622160474071","10.6186563237336","2.05714101551075","0.0216555020904703","0.0159188687857583","0.806","0.118","0","0.95"
"52","summerised","500","-3","3","1","2","-8.47676506969798","14.0487079256396","10.6145431968331","2.05645770481386","0.0210088687395698","0.0159126529690812","0.806","0.13","0","0.956"
"53","all data","500","-3","3","2","1","-2.31571247687383","7.53397490418161","5.76099869514305","1.02825985174981","0.0109753821728928","0.00855494871427121","0.834","0.166","0","0.938"
"54","summerised","500","-3","3","2","1","-2.30999762502611","7.53112413343919","5.7632721006201","1.0287365654992","0.0110438185635051","0.00855836608950767","0.834","0.162","0","0.952"
"55","all data","500","-2","-3","0","0","0.312858864604987","7.69659769667693","7.09024468723177","-0.400251003449293","14.1118258210905","13.072322509611","0.928","0.93","0","0.978"
"56","summerised","500","-2","-3","0","0","0.311419338531825","7.69125285139991","7.08922396655558","-0.398217583177552","14.103246826557","13.0704388159833","0.928","0.93","0","0.98"
"57","all data","500","-2","-3","1","2","1.23065836230487","7.10813473181782","7.1014063981983","1.64942158496194","13.0603131881608","13.0949083380824","0.956","0.956","0","0.968"
"58","summerised","500","-2","-3","1","2","1.23041575544706","7.10652610614521","7.10176725561453","1.65078823146566","13.0571207166195","13.095565269463","0.956","0.956","0","0.98"
"59","all data","500","-2","-3","2","1","1.63843599760987","7.5523052602476","7.04172811321748","1.61831685917501","13.9339915254155","12.9839690417677","0.942","0.942","0","0.98"
"60","summerised","500","-2","-3","2","1","1.63969607884175","7.55264439474715","7.04198751777517","1.61543505733244","13.9329614570138","12.9844458405688","0.942","0.942","0","0.984"
"61","all data","500","-2","-2","0","0","-0.314847637953347","3.54155045956521","3.59726020720639","0.680039209540538","6.39103098938666","6.48304929372631","0.952","0.948","0.254","0.978"
"62","summerised","500","-2","-2","0","0","-0.316223930124963","3.5401670692092","3.59747488841691","0.681559912357726","6.38772267109964","6.4834538364772","0.952","0.948","0.276","0.982"
"63","all data","500","-2","-2","1","2","1.07544665489823","3.74656042463533","3.59806616909969","1.90754216028439","6.6756641257947","6.49027170305786","0.94","0.946","0.224","0.976"
"64","summerised","500","-2","-2","1","2","1.07593484451002","3.74838212094893","3.59899376158791","1.90749689092977","6.67978815425534","6.49196384338722","0.94","0.946","0.236","0.984"
"65","all data","500","-2","-2","2","1","2.02094934818225","3.73777152458814","3.59644100992595","0.625263247203698","6.71613027442346","6.48717954950138","0.94","0.948","0.216","0.972"
"66","summerised","500","-2","-2","2","1","2.02130648148794","3.73868482237733","3.59570330910093","0.623595028680265","6.71765866783383","6.48585786196785","0.94","0.948","0.232","0.974"
"67","all data","500","-2","-1","0","0","0.0454100758777189","5.69205997228646","5.97785011171513","-0.043007714473776","3.93832586542265","4.14541046674135","0.962","0.962","0.02","0.978"
"68","summerised","500","-2","-1","0","0","0.0455455273955956","5.69395934797428","5.97749651932493","-0.0432631580926139","3.93974531496657","4.14516333793482","0.962","0.962","0.022","0.988"
"69","all data","500","-2","-1","1","2","1.1817635004215","5.82281123243327","6.00482384741725","1.84720356281887","3.99930669032001","4.16601518039175","0.972","0.968","0.008","0.978"
"70","summerised","500","-2","-1","1","2","1.18113455818676","5.82141578446695","6.00312496226927","1.84721879551307","3.99838563726213","4.16483682601775","0.972","0.968","0.008","0.988"
"71","all data","500","-2","-1","2","1","2.15269111330613","5.82748867166002","5.96538417994285","0.855000764233273","4.04184858509532","4.13924933095908","0.952","0.95","0.02","0.964"
"72","summerised","500","-2","-1","2","1","2.15090167876712","5.82511121414753","5.96504856829214","0.856114847304319","4.0409333041153","4.13902281970669","0.952","0.95","0.02","0.966"
"73","all data","500","-2","-0.5","0","0","-0.156652643597524","3.69579806879605","3.85639198492801","0.156452502086645","2.93847775500149","3.08639772109172","0.968","0.96","0.008","0.974"
"74","summerised","500","-2","-0.5","0","0","-0.157373977028301","3.69222952789042","3.8554296442501","0.156809233607985","2.9357028356276","3.08563092797496","0.968","0.96","0.008","0.976"
"75","all data","500","-2","-0.5","1","2","0.716176980959531","3.98367474832813","3.82798899569904","2.12547255428195","3.22551813633039","3.0654910679522","0.95","0.942","0.002","0.986"
"76","summerised","500","-2","-0.5","1","2","0.713492380554696","3.98320125359148","3.82769347566916","2.12737530988145","3.2273820091979","3.06525915004747","0.95","0.94","0.002","0.992"
"77","all data","500","-2","-0.5","2","1","2.17805270719413","3.87598716796317","3.85825493211734","0.834617130952258","3.02965746590597","3.087925123595","0.952","0.958","0.01","0.976"
"78","summerised","500","-2","-0.5","2","1","2.17608307665402","3.87373401805343","3.85801831915913","0.835885062008977","3.02851481795382","3.08773903909051","0.952","0.958","0.012","0.98"
"79","all data","500","-2","0","0","0","0.160451226446157","2.73944464842558","2.798135354593","0.0256984928605647","0.614962157201601","0.63452912206279","0.966","0.96","0.006","0.988"
"80","summerised","500","-2","0","0","0","0.160091977862457","2.73964245939352","2.79813035516421","0.0256364397431863","0.615077526090454","0.634528960039177","0.966","0.96","0.006","0.988"
"81","all data","500","-2","0","1","2","1.02911126170898","2.76218856271681","2.7955530199657","2.00511740756462","0.622102935581436","0.633614317653305","0.964","0.97","0.028","0.976"
"82","summerised","500","-2","0","1","2","1.02879270387787","2.76280843254627","2.79571417959198","2.00521833230713","0.622105160257314","0.633650900730055","0.964","0.968","0.03","0.976"
"83","all data","500","-2","0","2","1","2.02779027595115","2.85439184454372","2.78555205992285","1.01081826019121","0.633430367198771","0.631804934031047","0.948","0.942","0.012","0.97"
"84","summerised","500","-2","0","2","1","2.0276972988434","2.85415554083515","2.78502369239937","1.01075942749955","0.633506307752046","0.631686507899349","0.948","0.942","0.012","0.982"
"85","all data","500","-2","0.5","0","0","0.165799735856399","2.164458075058","2.16118383144151","0.0401659821182568","0.543105121051528","0.543692614772927","0.946","0.944","0.002","0.99"
"86","summerised","500","-2","0.5","0","0","0.165586620274576","2.1655594169175","2.16167458811645","0.0401490056503196","0.543305031707822","0.543816564750315","0.946","0.944","0.002","0.994"
"87","all data","500","-2","0.5","1","2","0.857459575803352","2.17292009210941","2.18938896770383","1.95866760582792","0.560307356300981","0.552658825195112","0.962","0.942","0.02","0.966"
"88","summerised","500","-2","0.5","1","2","0.856729000828932","2.17183165666792","2.18930387324052","1.95851145270853","0.559419923200485","0.552637548959525","0.96","0.944","0.02","0.974"
"89","all data","500","-2","0.5","2","1","1.88270184217991","2.0963345634714","2.16640379422332","0.979507708630369","0.541162816702653","0.545796914050437","0.96","0.95","0.012","0.976"
"90","summerised","500","-2","0.5","2","1","1.88290574698922","2.09726702721708","2.16641637195742","0.979679870938042","0.541606473735325","0.545798350941113","0.958","0.948","0.012","0.982"
"91","all data","500","-2","1","0","0","-0.00710985879464354","0.120249300038174","0.119927128111853","-0.114936640448053","1.76869644940315","1.76218200753918","0.948","0.95","0.018","0.978"
"92","summerised","500","-2","1","0","0","-0.00714131673093443","0.120258163620694","0.119908648075744","-0.115524591950425","1.76875676298137","1.76190421675117","0.948","0.95","0.018","0.984"
"93","all data","500","-2","1","1","2","1.99187124586435","0.138900520339882","0.139266014916027","0.906185881825114","1.95782843584056","1.96689220455158","0","0.906","0.072","0.944"
"94","summerised","500","-2","1","1","2","1.99174661629497","0.138529384519302","0.139246628103965","0.906307342895196","1.9577669223416","1.96661800750724","0","0.906","0.074","0.948"
"95","all data","500","-2","1","2","1","0.995807006649654","0.127771527354159","0.130172295687187","1.90971361711978","1.809299866366","1.869292839293","0","0.924","0.05","0.964"
"96","summerised","500","-2","1","2","1","0.995801081250986","0.127894234341707","0.130161521674642","1.9095724034512","1.80904809659955","1.86912427343022","0","0.924","0.05","0.972"
"97","all data","500","-2","2","0","0","0.0226296755409559","1.35614832447731","1.30500369107958","0.000237975497413366","0.0122082533525156","0.0117708427231477","0.934","0.936","0.008","0.994"
"98","summerised","500","-2","2","0","0","0.0225718641707661","1.3551141879976","1.30465539334582","0.000236986373146034","0.0122084520395908","0.0117676898412763","0.934","0.936","0.008","0.994"
"99","all data","500","-2","2","1","2","0.495264959944222","2.79555772144699","2.49633126920953","2.02576747087697","0.0320337434858237","0.0294407908761497","0.922","0.834","0.284","0.944"
"100","summerised","500","-2","2","1","2","0.496432183984283","2.79545471173431","2.49651458861907","2.02604316012329","0.0314038623168363","0.0294431037031361","0.922","0.824","0.294","0.944"
"101","all data","500","-2","2","2","1","1.52595499951384","1.88004259683609","1.856362478634","1.01152190455865","0.0214744333128715","0.0211910589052819","0.948","0.914","0.194","0.956"
"102","summerised","500","-2","2","2","1","1.52573166002556","1.87953581858024","1.85619980884928","1.01148310244411","0.0209892889107845","0.0211891803149726","0.948","0.912","0.204","0.958"
"103","all data","500","-2","3","0","0","0.0915200029675136","1.08631589033908","1.08563914965864","3.86268086553504e-05","0.00140805859399728","0.00149032464125965","0.958","0.958","0.01","0.988"
"104","summerised","500","-2","3","0","0","0.0912303383404002","1.0859083616377","1.08569951289006","3.86472455636074e-05","0.00140762574277377","0.00149041546992245","0.958","0.958","0.086","0.992"
"105","all data","500","-2","3","1","2","-5.00357739823943","8.5832801782158","6.57996638297483","2.05404851990986","0.0248961727888832","0.018338676899112","0.792","0.242","0.312","0.94"
"106","summerised","500","-2","3","1","2","-4.99858461544482","8.5771976075912","6.57793721098217","2.0535090065041","0.0242473898295357","0.0183329474022683","0.792","0.236","0.432","0.96"
"107","all data","500","-2","3","2","1","-1.23272111440403","4.32298278019427","3.54714710275275","1.0267346509717","0.0127454144529598","0.00978244998391188","0.822","0.256","0.33","0.966"
"108","summerised","500","-2","3","2","1","-1.2309325400226","4.32055770691406","3.5455661433674","1.02632314749804","0.0122742683734571","0.00977807758698963","0.822","0.274","0.426","0.98"
"109","all data","500","-1","-3","0","0","0.0326770905113014","2.27000931571209","2.2798111147059","-0.088655731028258","6.11970505116553","6.05953959977162","0.942","0.942","0","0.974"
"110","summerised","500","-1","-3","0","0","0.0327816783990038","2.27014591687241","2.27984443448279","-0.0892405235667235","6.1204790422154","6.05961344447963","0.942","0.942","0","0.984"
"111","all data","500","-1","-3","1","2","1.12873573506311","2.30289918228936","2.29157628171812","1.5582232739492","6.26848470238726","6.09158471478014","0.948","0.942","0","0.986"
"112","summerised","500","-1","-3","1","2","1.12898683728619","2.30089111853008","2.29077918598264","1.55601832655302","6.26328019594837","6.08946762613127","0.948","0.942","0","0.988"
"113","all data","500","-1","-3","2","1","1.92541987180109","2.22911036955908","2.28946750955568","0.915010882844559","5.92716302688667","6.08923390902776","0.956","0.96","0","0.978"
"114","summerised","500","-1","-3","2","1","1.92467018367093","2.22829029934677","2.28903952344317","0.915728107638462","5.92580642995034","6.08808526914374","0.956","0.96","0","0.984"
"115","all data","500","-1","-2","0","0","-0.0236617551622992","4.20732542385768","4.13338299888793","0.0433670678594634","6.0259419631351","5.95951230122463","0.944","0.942","0.032","0.98"
"116","summerised","500","-1","-2","0","0","-0.0230739935005965","4.21126385539792","4.1348090120323","0.0424863319044632","6.03140997057297","5.96156717672418","0.944","0.942","0.036","0.984"
"117","all data","500","-1","-2","1","2","0.808838280307958","4.10983959708886","4.15173772254103","2.15704810420563","5.91653778031401","5.98516863386502","0.942","0.954","0.026","0.978"
"118","summerised","500","-1","-2","1","2","0.808081531080291","4.10882033264886","4.15094828423021","2.15719580224163","5.91550353738878","5.98402799091606","0.942","0.954","0.028","0.984"
"119","all data","500","-1","-2","2","1","2.20537302347905","4.15019003711971","4.15658804605272","0.633134935246092","6.0995321309618","5.98977348036982","0.958","0.954","0.022","0.98"
"120","summerised","500","-1","-2","2","1","2.20769578281513","4.15329478319508","4.15750500251255","0.630891531701009","6.10290674872937","5.99109677552205","0.956","0.954","0.022","0.982"
"121","all data","500","-1","-1","0","0","0.0315218332475052","0.721532183052337","0.717417486885563","-0.346092097204088","3.87671606823949","3.77142468814395","0.948","0.948","0.018","0.982"
"122","summerised","500","-1","-1","0","0","0.0313067060135188","0.721013246403942","0.716953648976777","-0.345239808964802","3.87329199513969","3.76901057635036","0.948","0.948","0.022","0.984"
"123","all data","500","-1","-1","1","2","1.02161450385279","0.748495104517808","0.717684824191695","2.13759742668614","4.08414629682559","3.77265254720637","0.934","0.932","0.016","0.984"
"124","summerised","500","-1","-1","1","2","1.02150716482127","0.747958858875243","0.71761039452184","2.13783604613919","4.08135441406527","3.77228109447578","0.934","0.932","0.022","0.99"
"125","all data","500","-1","-1","2","1","1.99732558360877","0.762818612899649","0.719579564782806","0.889907286103707","3.86058517085283","3.78209765777919","0.94","0.946","0.016","0.97"
"126","summerised","500","-1","-1","2","1","1.9964984457855","0.762165687328922","0.71931989003029","0.890037025103327","3.85998121132002","3.78075245803956","0.942","0.946","0.018","0.974"
"127","all data","500","-1","-0.5","0","0","0.32198770126981","7.31274869884708","7.20773825502687","-0.369407707020179","8.44073204819095","8.31576118643915","0.952","0.954","0.012","0.974"
"128","summerised","500","-1","-0.5","0","0","0.321952155231884","7.31402377126866","7.20717784821444","-0.369525375527758","8.44187126989775","8.31511206365253","0.952","0.954","0.016","0.984"
"129","all data","500","-1","-0.5","1","2","1.10198516576364","7.39663005177759","7.26254348030974","1.83715049676898","8.52169598060831","8.37913518347388","0.952","0.942","0.006","0.978"
"130","summerised","500","-1","-0.5","1","2","1.10184118606092","7.39420082596671","7.26039934165361","1.83637041175986","8.51850148137536","8.37666580285208","0.952","0.944","0.008","0.986"
"131","all data","500","-1","-0.5","2","1","1.86615019830157","7.10084237529626","7.23460620507709","1.09271714188817","8.20788732184875","8.34828119595027","0.956","0.96","0","0.982"
"132","summerised","500","-1","-0.5","2","1","1.86592288342078","7.09785517844607","7.23421432356589","1.09285516120642","8.20468824470309","8.34783671814992","0.956","0.96","0","0.986"
"133","all data","500","-1","0","0","0","-0.176396784223625","3.53452430907161","3.46291234320081","-0.0614211193767091","1.14177896202934","1.13230059312242","0.958","0.962","0","0.984"
"134","summerised","500","-1","0","0","0","-0.175358160201518","3.53157368741367","3.46218449919318","-0.0609773619771689","1.14099811437309","1.13206263930216","0.958","0.962","0","0.99"
"135","all data","500","-1","0","1","2","1.10414820583748","3.44852880619446","3.48762930783015","2.03294845638869","1.12178335216673","1.14068673068118","0.952","0.946","0.002","0.97"
"136","summerised","500","-1","0","1","2","1.10359402492609","3.44458216515362","3.48501019554529","2.03164366785378","1.12072114486366","1.13983153091242","0.952","0.946","0.002","0.976"
"137","all data","500","-1","0","2","1","1.81847152141742","3.79067169379598","3.48203327958375","0.946899220441834","1.21965360499743","1.13870610442327","0.918","0.918","0","0.986"
"138","summerised","500","-1","0","2","1","1.81744087001058","3.79043349612563","3.48034987905412","0.946459671799678","1.21955429609798","1.13815734868645","0.918","0.918","0","0.996"
"139","all data","500","-1","0.5","0","0","0.109097920187073","2.25496968710659","2.22119700085698","0.0273585426022879","0.792244133518131","0.806126618985356","0.95","0.948","0","0.986"
"140","summerised","500","-1","0.5","0","0","0.10995099449417","2.25429099692165","2.22085374041548","0.0275822052205552","0.791940455670378","0.806002059625121","0.95","0.948","0","0.996"
"141","all data","500","-1","0.5","1","2","1.00960218245834","2.34260398607598","2.26751385009272","1.98953497900219","0.844960717642772","0.824120858950965","0.948","0.948","0.004","0.962"
"142","summerised","500","-1","0.5","1","2","1.00922116425416","2.34176730429578","2.26684390823761","1.98909900385817","0.844640001030591","0.823877913912124","0.948","0.946","0.004","0.964"
"143","all data","500","-1","0.5","2","1","1.9214122059772","2.28024924541805","2.22458607132248","0.996352236168411","0.820699674299638","0.807908892711873","0.946","0.952","0.002","0.976"
"144","summerised","500","-1","0.5","2","1","1.9209000635373","2.28004988268443","2.22458515905237","0.996141973883443","0.820393321786794","0.807910214547326","0.946","0.952","0.002","0.98"
"145","all data","500","-1","1","0","0","0.00618470699379339","0.156038894362693","0.158617837001963","0.0596436371468399","1.61047251345364","1.61759732463603","0.95","0.95","0.002","0.984"
"146","summerised","500","-1","1","0","0","0.00618509231170941","0.156147081250689","0.158652131714107","0.0594898521275513","1.61150095959769","1.61795015184899","0.95","0.95","0.002","0.992"
"147","all data","500","-1","1","1","2","1.99800644885847","0.187031185140224","0.192581227429994","0.925354526330255","1.84092953631907","1.88891062373054","0","0.91","0.004","0.96"
"148","summerised","500","-1","1","1","2","1.99778821191338","0.186885626408886","0.192551179773325","0.925197036641242","1.84093169812114","1.88861228478281","0","0.91","0.004","0.962"
"149","all data","500","-1","1","2","1","1.01465776092364","0.167327667928754","0.174248805706046","2.15944891060041","1.67734255899731","1.73866761044329","0","0.902","0.012","0.958"
"150","summerised","500","-1","1","2","1","1.01488228589227","0.167170890360145","0.174281647282027","2.15978247555714","1.67674207790535","1.73899506465878","0","0.902","0.012","0.966"
"151","all data","500","-1","2","0","0","0.0495725949092153","1.04349069197278","1.05332926389088","-0.000218994288547877","0.0136702708860316","0.0136885707028669","0.954","0.958","0.002","0.982"
"152","summerised","500","-1","2","0","0","0.0494188821998517","1.04358291967347","1.05269591060751","-0.000219223950153055","0.0136676961603014","0.0136803252002295","0.954","0.958","0.002","0.99"
"153","all data","500","-1","2","1","2","0.305527439385143","2.38492697238978","2.20239671835252","2.01948209458904","0.0403508343344309","0.0374383714702174","0.924","0.866","0.014","0.946"
"154","summerised","500","-1","2","1","2","0.306578449376474","2.3851379606232","2.2028511035664","2.0200036827928","0.0402640571482363","0.0374461441599074","0.922","0.874","0.014","0.946"
"155","all data","500","-1","2","2","1","1.57270375649079","1.6364693236146","1.62745187852358","1.00920113104944","0.0268460926151838","0.0266210270725501","0.934","0.93","0.02","0.974"
"156","summerised","500","-1","2","2","1","1.57259709176312","1.63612833082985","1.62741803978466","1.00921807433321","0.0264630589692157","0.0266205803083013","0.934","0.946","0.02","0.974"
"157","all data","500","-1","3","0","0","-0.0623040363128657","0.844181750353365","0.819283913856222","-0.000129957704741221","0.00165198899450394","0.00162275307624078","0.952","0.946","0.002","0.994"
"158","summerised","500","-1","3","0","0","-0.0622730845689763","0.843660478181312","0.818881858561055","-0.000129676158681703","0.00165117885237778","0.0016219497400175","0.952","0.946","0.016","0.996"
"159","all data","500","-1","3","1","2","-4.53844253767914","6.90924620164811","5.53763339975445","2.04825181959473","0.0287451330589746","0.021978996798582","0.794","0.39","0.012","0.948"
"160","summerised","500","-1","3","1","2","-4.5368197075358","6.90588949544512","5.53784712818382","2.04840363294914","0.0279966075919433","0.0219798684251622","0.794","0.384","0.014","0.96"
"161","all data","500","-1","3","2","1","-0.585953145114969","3.56255824173386","2.98357404445594","1.02513010579325","0.0147942278883366","0.0117010867428122","0.832","0.42","0.014","0.946"
"162","summerised","500","-1","3","2","1","-0.584385117070269","3.56367920356828","2.9834474593863","1.02510932399375","0.0145526079510421","0.0117005748097732","0.832","0.414","0.022","0.974"
"163","all data","500","-0.5","-3","0","0","-0.0610020410885991","1.99390803374401","2.05551269456385","0.142293431702351","4.65681509329096","4.73773786577599","0.962","0.96","0","0.978"
"164","summerised","500","-0.5","-3","0","0","-0.0606833355466138","1.99322350049038","2.05533377155651","0.141323177855539","4.65593832693735","4.73732227919776","0.962","0.96","0","0.984"
"165","all data","500","-0.5","-3","1","2","0.990202385838522","2.00602745930719","2.03914161563516","1.96029397432607","4.50807791378639","4.69824611547362","0.938","0.962","0","0.982"
"166","summerised","500","-0.5","-3","1","2","0.990092941411483","2.00508701523132","2.03917649107617","1.96037057715056","4.50569490268098","4.69833215935254","0.938","0.962","0","0.984"
"167","all data","500","-0.5","-3","2","1","1.97628651321009","2.06292416811593","2.03934133653702","0.990359182103545","4.90072543485298","4.70237205566981","0.942","0.934","0","0.982"
"168","summerised","500","-0.5","-3","2","1","1.97683250699571","2.06288288442795","2.03935134124177","0.988907714413636","4.89982150537171","4.70238994944507","0.942","0.934","0","0.984"
"169","all data","500","-0.5","-2","0","0","-0.0907662425253273","3.05957940988992","3.08653268822905","0.190671100598957","3.86322141083513","3.85596030714384","0.962","0.958","0.002","0.984"
"170","summerised","500","-0.5","-2","0","0","-0.0911341707633369","3.05945534547844","3.08584381555504","0.190889734748864","3.86267567314844","3.85509622730523","0.962","0.958","0.002","0.994"
"171","all data","500","-0.5","-2","1","2","1.00451312690266","3.12914002035426","3.07932324362083","1.92020212222398","3.93554675637465","3.84517440881075","0.938","0.934","0.004","0.978"
"172","summerised","500","-0.5","-2","1","2","1.0043620193767","3.12769861693375","3.07890130687523","1.9201515283725","3.93387807338981","3.84464503098882","0.938","0.934","0.004","0.98"
"173","all data","500","-0.5","-2","2","1","1.99000857101003","3.0980417698726","3.08368781431616","0.94354799581009","3.99016184487575","3.85091243798035","0.942","0.936","0.008","0.978"
"174","summerised","500","-0.5","-2","2","1","1.98960037566913","3.09517874119922","3.08275955417517","0.942985666523626","3.98668166324744","3.84975433384838","0.942","0.936","0.008","0.978"
"175","all data","500","-0.5","-1","0","0","0.549931323998814","8.04110099503425","8.30274273086666","-0.466943976451425","7.02165462118405","7.19769244891397","0.954","0.954","0.014","0.98"
"176","summerised","500","-0.5","-1","0","0","0.551160853295616","8.03842431841401","8.30063519167722","-0.468050999296839","7.01925923802833","7.19586520451409","0.954","0.954","0.014","0.994"
"177","all data","500","-0.5","-1","1","2","1.51557818396429","8.97457521860252","8.37962989001893","1.5391054453941","7.79262156644047","7.26271433013387","0.944","0.94","0.008","0.988"
"178","summerised","500","-0.5","-1","1","2","1.51616268132727","8.97625224038279","8.37996945638072","1.53869019775898","7.79398859033458","7.263005502428","0.944","0.94","0.008","0.992"
"179","all data","500","-0.5","-1","2","1","1.72415218018086","8.77233051332296","8.39187275461002","1.17634935225258","7.63809100573388","7.27255803414279","0.934","0.94","0.006","0.97"
"180","summerised","500","-0.5","-1","2","1","1.72859112163728","8.77189634966387","8.39032911844364","1.17201197474668","7.63645066033637","7.27121428637102","0.934","0.94","0.008","0.982"
"181","all data","500","-0.5","-0.5","0","0","0.0261157090860814","3.82319179274616","3.57120908224181","0.0438208655351349","4.20375584414303","3.95384655087444","0.922","0.916","0.024","0.982"
"182","summerised","500","-0.5","-0.5","0","0","0.025474054702175","3.82210068648687","3.57106772304328","0.0433162950299544","4.20190612399485","3.95369539228952","0.922","0.916","0.028","0.988"
"183","all data","500","-0.5","-0.5","1","2","0.890404658767","3.62677614172313","3.59915321783985","1.82170877353785","3.98899939845464","3.98655238339627","0.958","0.952","0.022","0.964"
"184","summerised","500","-0.5","-0.5","1","2","0.891358999975752","3.62662356345425","3.59910021676986","1.82252700301953","3.98814626638446","3.9864849623186","0.958","0.956","0.022","0.97"
"185","all data","500","-0.5","-0.5","2","1","2.0374456938386","3.64937982359198","3.59191720083704","1.01590877982057","4.0867916805239","3.97853561752239","0.958","0.944","0.018","0.986"
"186","summerised","500","-0.5","-0.5","2","1","2.03942758285974","3.65036057571724","3.59238123247293","1.01789866864526","4.08724709303862","3.97904207777492","0.958","0.944","0.022","0.99"
"187","all data","500","-0.5","0","0","0","-0.41383836425094","7.51219884571933","7.55409227517413","-0.0941807835609931","2.13087946841436","2.1409827042686","0.97","0.962","0.02","0.99"
"188","summerised","500","-0.5","0","0","0","-0.413297712432672","7.51327633000591","7.55302629090634","-0.0940685919893499","2.13125044636419","2.14068189345118","0.97","0.962","0.024","0.992"
"189","all data","500","-0.5","0","1","2","1.02624453940812","7.89187012510525","7.67681110283671","1.99868430404065","2.21624957935248","2.17596369907952","0.934","0.934","0","0.966"
"190","summerised","500","-0.5","0","1","2","1.02543125850516","7.88961547787463","7.67668803507488","1.99853113036019","2.21551812027982","2.17592835521219","0.934","0.932","0","0.968"
"191","all data","500","-0.5","0","2","1","1.79631726055978","7.67759822213234","7.58657648214989","0.932935326898907","2.16636767968708","2.14988587782719","0.952","0.95","0.012","0.988"
"192","summerised","500","-0.5","0","2","1","1.79693496203886","7.67830743642712","7.58468578303043","0.933077426544529","2.16655675616605","2.14935055736222","0.952","0.95","0.016","0.992"
"193","all data","500","-0.5","0.5","0","0","-0.161751017218197","3.72035742643251","3.61726603567921","-0.0660973030067886","1.15934351707731","1.13756638770981","0.942","0.95","0","0.988"
"194","summerised","500","-0.5","0.5","0","0","-0.160859384005791","3.72130620396623","3.61645432988463","-0.0657870316293936","1.15979859699137","1.13731082078455","0.942","0.95","0","0.988"
"195","all data","500","-0.5","0.5","1","2","0.757942247825541","3.72436377035935","3.69828764370252","1.90925230065005","1.17283421024062","1.16477984669645","0.946","0.944","0","0.968"
"196","summerised","500","-0.5","0.5","1","2","0.757898444860356","3.72604829829829","3.69876457630367","1.90951957243373","1.17337320656408","1.16492937800274","0.946","0.944","0","0.97"
"197","all data","500","-0.5","0.5","2","1","1.79553789185138","3.63767341449641","3.64569721172263","0.93882095136092","1.12291081791345","1.14636119513517","0.958","0.96","0","0.982"
"198","summerised","500","-0.5","0.5","2","1","1.79488229486924","3.63866779921807","3.64655920516283","0.938744831289365","1.1228921336325","1.14663202170102","0.958","0.96","0","0.992"
"199","all data","500","-0.5","1","0","0","0.00648957582336292","0.190389326266489","0.2005312228163","0.148926796159403","2.27399324934421","2.36006488537495","0.954","0.962","0","0.986"
"200","summerised","500","-0.5","1","0","0","0.00648092689901919","0.190362219142766","0.200521159965862","0.148606625329714","2.27352080377121","2.35994593727546","0.954","0.962","0","0.994"
"201","all data","500","-0.5","1","1","2","2.00230489022913","0.248998011653335","0.245399479629085","0.992321876262845","2.83310276688504","2.78449555298159","0.024","0.932","0.004","0.97"
"202","summerised","500","-0.5","1","1","2","2.00250005251345","0.249613451629678","0.245400949771837","0.993473812612416","2.83364050894098","2.78451388185139","0.026","0.932","0.004","0.972"
"203","all data","500","-0.5","1","2","1","1.01017259921808","0.23021721605247","0.219602275990411","2.08788599636689","2.64117771500166","2.53449434853769","0.016","0.92","0.006","0.964"
"204","summerised","500","-0.5","1","2","1","1.01062842712695","0.230331786450674","0.219675823872369","2.08901430902799","2.64059613305117","2.53533415679728","0.016","0.92","0.006","0.97"
"205","all data","500","-0.5","2","0","0","0.0280831721561969","1.43265921799484","1.36931938463834","0.000370596902526523","0.0160218115278985","0.0154294850644339","0.93","0.944","0","0.978"
"206","summerised","500","-0.5","2","0","0","0.0280347080327229","1.43169988400294","1.36903582269776","0.000373323563945725","0.016009710434778","0.0154263101436665","0.93","0.944","0","0.984"
"207","all data","500","-0.5","2","1","2","0.0938895709302062","3.31400889942622","2.99735710266119","2.01698245560656","0.0481975888137806","0.0437018363605205","0.916","0.914","0.014","0.972"
"208","summerised","500","-0.5","2","1","2","0.0957131203499526","3.31329170348384","2.99792293095389","2.01746652251237","0.0484764456006971","0.0437102398249444","0.914","0.904","0.014","0.972"
"209","all data","500","-0.5","2","2","1","1.45975154270928","2.32507304657119","2.21551454491533","1.00836206403353","0.0331515179030476","0.0310865269730161","0.93","0.924","0.018","0.962"
"210","summerised","500","-0.5","2","2","1","1.46026609425817","2.3252114573777","2.21516760149499","1.00827543351989","0.0332037987249518","0.0310816529383096","0.928","0.926","0.018","0.964"
"211","all data","500","-0.5","3","0","0","-0.00710453891755127","1.03316083444045","1.00959174732252","-5.43099468776428e-06","0.00173258828184815","0.00173445757461206","0.956","0.952","0","0.99"
"212","summerised","500","-0.5","3","0","0","-0.0072612260374532","1.03305395764681","1.00969424861055","-5.719085105607e-06","0.00173273987887475","0.00173462332667056","0.956","0.952","0.008","0.994"
"213","all data","500","-0.5","3","1","2","-6.99698469237172","9.95297405180946","7.34912738949171","2.043262319239","0.0342422719095836","0.0248682683389155","0.736","0.536","0.012","0.946"
"214","summerised","500","-0.5","3","1","2","-6.98750788401911","9.9477939800487","7.34709232134861","2.04283484940041","0.0347660268135135","0.0248613505368931","0.736","0.55","0.014","0.966"
"215","all data","500","-0.5","3","2","1","-1.35600845584293","4.97803548941726","3.93049564169317","1.02394123674117","0.0166923200849263","0.0131054172417159","0.812","0.548","0.014","0.948"
"216","summerised","500","-0.5","3","2","1","-1.35369699799724","4.97560467667081","3.92971693521553","1.02379050312246","0.0166676089874859","0.0131028710259653","0.812","0.554","0.016","0.964"
"217","all data","500","0","-3","0","0","0.000274921989910421","0.460929838840451","0.470085799770798","-0.0312794554269354","3.77830832611387","3.82640646908625","0.966","0.954","0","0.978"
"218","summerised","500","0","-3","0","0","0.000409874131999689","0.460896995075983","0.469917044562415","-0.0308000255787598","3.77806706688798","3.82502314154946","0.966","0.954","0","0.984"
"219","all data","500","0","-3","1","2","0.994167522666431","0.47213555854234","0.471887593399511","2.05824835657523","3.78470653898818","3.83631879022827","0.956","0.944","0","0.98"
"220","summerised","500","0","-3","1","2","0.994414943396787","0.472057368484796","0.472009014649465","2.05877647418677","3.78486973439556","3.8372952286011","0.954","0.944","0","0.986"
"221","all data","500","0","-3","2","1","1.99964032146224","0.481757907425235","0.472064175438714","1.14940188763587","3.87329913370106","3.8400528110876","0.942","0.934","0","0.972"
"222","summerised","500","0","-3","2","1","1.99893282338185","0.481700006008026","0.471826688484072","1.14922234240219","3.86934933651037","3.83812582815067","0.942","0.934","0","0.976"
"223","all data","500","0","-2","0","0","0.031211151878598","0.618469502579825","0.632822925612181","0.0837553649890568","2.71925119049249","2.78926750861714","0.964","0.962","0.006","0.984"
"224","summerised","500","0","-2","0","0","0.0310237907789228","0.618029124237164","0.632646038074493","0.0830090245223621","2.71742421821025","2.78848632902802","0.964","0.962","0.008","0.988"
"225","all data","500","0","-2","1","2","1.03184690400984","0.673838710249039","0.632396542350576","2.12609979121914","2.88132102929602","2.78679607890943","0.934","0.932","0.008","0.974"
"226","summerised","500","0","-2","1","2","1.03210433552998","0.673782227203256","0.632568510607452","2.12659659307676","2.88112501947654","2.78755894912772","0.934","0.934","0.008","0.982"
"227","all data","500","0","-2","2","1","1.97060044536059","0.651465451105154","0.636559816547245","1.03502124255006","2.75138669663776","2.80654485897357","0.95","0.96","0.012","0.98"
"228","summerised","500","0","-2","2","1","1.97028713242787","0.651430684790731","0.636417624073465","1.03496038053346","2.7508243723132","2.8059183935606","0.95","0.96","0.012","0.98"
"229","all data","500","0","-1","0","0","-0.0363708372280661","1.15266209001895","1.13191612932261","-0.0795509115884737","3.56345901432579","3.46253291207386","0.948","0.944","0","0.984"
"230","summerised","500","0","-1","0","0","-0.0364378544734622","1.1528981411512","1.13192012711478","-0.0799218294642333","3.56440706509608","3.46254544443049","0.948","0.944","0","0.99"
"231","all data","500","0","-1","1","2","0.926169981460928","1.18907693182371","1.13752101625924","1.75705579626669","3.6001363631536","3.47849142586778","0.954","0.956","0.002","0.976"
"232","summerised","500","0","-1","1","2","0.926103677908556","1.18904964986875","1.1375528457487","1.75658216146065","3.59987265823229","3.47858720815432","0.954","0.956","0.002","0.982"
"233","all data","500","0","-1","2","1","2.00184208267779","1.15180888170885","1.14319757238549","1.06235600983379","3.51553823531371","3.49505403229029","0.946","0.95","0.002","0.966"
"234","summerised","500","0","-1","2","1","2.00088724303464","1.15056768453948","1.14277281798523","1.06116129655516","3.5134793646456","3.49374907101984","0.944","0.95","0.002","0.972"
"235","all data","500","0","-0.5","0","0","0.0927023634960672","2.1789287193202","2.1467046591045","0.375388782041127","7.71661425239259","7.57367314392702","0.946","0.95","0.004","0.98"
"236","summerised","500","0","-0.5","0","0","0.092802554818832","2.17920814574043","2.14678503578348","0.37543008793774","7.71745140717064","7.57395245078461","0.946","0.95","0.006","0.99"
"237","all data","500","0","-0.5","1","2","1.03680389714678","2.09621594074158","2.14417402627834","2.10933603388072","7.45928041813934","7.56542710565282","0.966","0.954","0.01","0.986"
"238","summerised","500","0","-0.5","1","2","1.03645406630765","2.09476073410225","2.14378984543649","2.10823311703333","7.45422964328936","7.56406761231338","0.966","0.954","0.01","0.986"
"239","all data","500","0","-0.5","2","1","2.02504910022259","2.16486992446323","2.16016108715455","1.20049183446147","7.59707427075862","7.61957792536389","0.954","0.956","0","0.976"
"240","summerised","500","0","-0.5","2","1","2.02551465352938","2.16482190358076","2.16058948088099","1.20048086730861","7.59718961979697","7.62108248070297","0.956","0.954","0","0.982"
"241","all data","500","0","0","0","0","-0.0463518193067962","1.21370690340266","1.1986063130324","0.0183695526803624","0.508091996177182","0.510566350296865","0.946","0.954","0.02","0.984"
"242","summerised","500","0","0","0","0","-0.0460711889555526","1.21349688070333","1.19862044048286","0.0182644572942921","0.507997599116032","0.510572452087934","0.946","0.954","0.02","0.994"
"243","all data","500","0","0","1","2","0.985954654444028","1.32147154308314","1.33588017479529","1.9956731844847","0.569300568410597","0.576038372108329","0.95","0.948","0.012","0.948"
"244","summerised","500","0","0","1","2","0.985216909733143","1.31990780865748","1.33518797023656","1.994901313468","0.569181601957831","0.57574035355363","0.95","0.948","0.012","0.948"
"245","all data","500","0","0","2","1","1.92017887398765","1.3718806739181","1.28453112773788","1.01751000965697","0.587493690419392","0.55129653770961","0.934","0.936","0.008","0.952"
"246","summerised","500","0","0","2","1","1.91898941878677","1.37075634324976","1.28384517058967","1.01720178789206","0.587462280103236","0.551002888132033","0.934","0.934","0.008","0.952"
"247","all data","500","0","0.5","0","0","-0.181388182697943","1.96068195097804","1.94748087496874","0.17471582805001","2.17336097137095","2.16104395187131","0.942","0.948","0.02","0.986"
"248","summerised","500","0","0.5","0","0","-0.180504350975104","1.95948029958322","1.94726782266141","0.173759691116157","2.172021672435","2.16080946285041","0.942","0.948","0.024","0.996"
"249","all data","500","0","0.5","1","2","0.81140301040898","1.87093001460153","2.02134992604641","2.17971767884947","2.0651263797744","2.24839203644715","0.962","0.964","0.004","0.958"
"250","summerised","500","0","0.5","1","2","0.81106654705947","1.8702485855774","2.02167813959807","2.18076315625263","2.06524665365966","2.24875791865443","0.962","0.964","0.004","0.964"
"251","all data","500","0","0.5","2","1","1.78433625648919","1.95702552760182","2.03428431930723","1.20329107022788","2.16945502397251","2.26123576892005","0.952","0.952","0.004","0.964"
"252","summerised","500","0","0.5","2","1","1.78398722337284","1.95702340325863","2.03412978864786","1.20349664508431","2.16986338430323","2.26106432008252","0.952","0.952","0.004","0.964"
"253","all data","500","0","1","0","0","0.0023965631681305","0.285993742157224","0.280953495567084","-0.00551352497522965","0.951111589918421","0.936961433048905","0.932","0.936","0","0.99"
"254","summerised","500","0","1","0","0","0.00233992630573308","0.285866084189826","0.280867571358409","-0.00523458323910534","0.950824466658895","0.93667526338534","0.932","0.936","0","0.992"
"255","all data","500","0","1","1","2","1.99572642269894","0.358239275231428","0.363062207331912","0.991495613200881","1.15473513551517","1.17381681622909","0.204","0.872","0.012","0.944"
"256","summerised","500","0","1","1","2","1.9950568530064","0.357991359258396","0.362916577286378","0.991054338715716","1.15378647378044","1.17334630835019","0.206","0.872","0.012","0.944"
